Regio's,Onderwerp,,2019,2020,2021,2022,2023
Aa en Hunze,Gemiddelde verkoopprijs,euro,284794,303789,393780,407982,411021
Aalburg,Gemiddelde verkoopprijs,euro,,,,,
Aalsmeer,Gemiddelde verkoopprijs,euro,409304,438060,538786,570707,536574
Aalten,Gemiddelde verkoopprijs,euro,226080,261776,306386,319641,318710
Ter Aar,Gemiddelde verkoopprijs,euro,,,,,
Aarle-Rixtel,Gemiddelde verkoopprijs,euro,,,,,
Abcoude,Gemiddelde verkoopprijs,euro,,,,,
Achtkarspelen,Gemiddelde verkoopprijs,euro,216483,241065,295024,305540,319773
Akersloot,Gemiddelde verkoopprijs,euro,,,,,
Alblasserdam,Gemiddelde verkoopprijs,euro,268447,292610,332755,368461,359952
Albrandswaard,Gemiddelde verkoopprijs,euro,361942,375789,452849,493052,468361
Alkemade,Gemiddelde verkoopprijs,euro,,,,,
Alkmaar,Gemiddelde verkoopprijs,euro,286883,313937,365446,399298,393418
Almelo,Gemiddelde verkoopprijs,euro,209973,222697,273244,293519,306698
Almere,Gemiddelde verkoopprijs,euro,294284,330079,390714,439053,424531
Alphen aan den Rijn,Gemiddelde verkoopprijs,euro,286500,320239,360031,411170,401474
Alphen en Riel,Gemiddelde verkoopprijs,euro,,,,,
Alphen-Chaam,Gemiddelde verkoopprijs,euro,347848,390439,466144,525868,461830
Altena,Gemiddelde verkoopprijs,euro,291448,319849,357769,402772,404703
Ambt Delden,Gemiddelde verkoopprijs,euro,,,,,
Ambt Montfort,Gemiddelde verkoopprijs,euro,,,,,
Ameland,Gemiddelde verkoopprijs,euro,321196,346924,345157,388696,353454
Amerongen,Gemiddelde verkoopprijs,euro,,,,,
Amersfoort,Gemiddelde verkoopprijs,euro,358651,379129,416892,468507,466025
Ammerzoden,Gemiddelde verkoopprijs,euro,,,,,
Amstelveen,Gemiddelde verkoopprijs,euro,525247,534717,625658,658372,615382
Amsterdam,Gemiddelde verkoopprijs,euro,484995,510919,569890,620954,568161
Andijk,Gemiddelde verkoopprijs,euro,,,,,
Angerlo,Gemiddelde verkoopprijs,euro,,,,,
Anloo,Gemiddelde verkoopprijs,euro,,,,,
Anna Paulowna,Gemiddelde verkoopprijs,euro,,,,,
Apeldoorn,Gemiddelde verkoopprijs,euro,287155,316006,379364,420466,407625
Appingedam,Gemiddelde verkoopprijs,euro,194795,204754,,,
Arcen en Velden,Gemiddelde verkoopprijs,euro,,,,,
Arnemuiden,Gemiddelde verkoopprijs,euro,,,,,
Arnhem,Gemiddelde verkoopprijs,euro,260635,279571,344738,383699,369114
Assen,Gemiddelde verkoopprijs,euro,228658,250572,301082,330027,334100
Asten,Gemiddelde verkoopprijs,euro,334156,342335,379682,429888,439900
Avereest,Gemiddelde verkoopprijs,euro,,,,,
Axel,Gemiddelde verkoopprijs,euro,,,,,
Baarle-Nassau,Gemiddelde verkoopprijs,euro,334058,314453,366251,426396,391221
Baarn,Gemiddelde verkoopprijs,euro,431161,473873,529145,600665,539068
Bakel en Milheeze,Gemiddelde verkoopprijs,euro,,,,,
Barendrecht,Gemiddelde verkoopprijs,euro,352460,376908,433258,493806,466518
Barneveld,Gemiddelde verkoopprijs,euro,359070,389922,451336,518412,488905
Bathmen,Gemiddelde verkoopprijs,euro,,,,,
Bedum,Gemiddelde verkoopprijs,euro,,,,,
Beek (L.),Gemiddelde verkoopprijs,euro,231409,255888,297820,328742,331369
Beek en Donk,Gemiddelde verkoopprijs,euro,,,,,
Beekdaelen,Gemiddelde verkoopprijs,euro,248905,274875,313156,338889,335685
Beemster,Gemiddelde verkoopprijs,euro,437693,463775,502018,,
Beesel,Gemiddelde verkoopprijs,euro,233443,267983,290029,299072,344540
Beilen,Gemiddelde verkoopprijs,euro,,,,,
Belfeld,Gemiddelde verkoopprijs,euro,,,,,
Bellingwedde,Gemiddelde verkoopprijs,euro,,,,,
Bemmel,Gemiddelde verkoopprijs,euro,,,,,
Bennebroek,Gemiddelde verkoopprijs,euro,,,,,
Berg en Dal,Gemiddelde verkoopprijs,euro,292830,340206,377603,424764,427618
Bergambacht,Gemiddelde verkoopprijs,euro,,,,,
Bergeijk,Gemiddelde verkoopprijs,euro,335601,373967,402488,446887,422328
Bergen (L.),Gemiddelde verkoopprijs,euro,240030,275066,301211,369272,337950
Bergen (NH.),Gemiddelde verkoopprijs,euro,488406,549858,659453,685916,688064
Bergen op Zoom,Gemiddelde verkoopprijs,euro,255679,278752,307371,321657,338389
Bergeyk,Gemiddelde verkoopprijs,euro,,,,,
Bergh,Gemiddelde verkoopprijs,euro,,,,,
Bergschenhoek,Gemiddelde verkoopprijs,euro,,,,,
Berkel en Rodenrijs,Gemiddelde verkoopprijs,euro,,,,,
Berkel-Enschot,Gemiddelde verkoopprijs,euro,,,,,
Berkelland,Gemiddelde verkoopprijs,euro,265879,302442,339725,365803,401334
Berlicum,Gemiddelde verkoopprijs,euro,,,,,
Bernheze,Gemiddelde verkoopprijs,euro,327786,368167,425441,475097,496395
Bernisse,Gemiddelde verkoopprijs,euro,,,,,
Best,Gemiddelde verkoopprijs,euro,341016,364533,414438,456881,452216
Beuningen,Gemiddelde verkoopprijs,euro,299340,334859,378836,428327,422424
Beverwijk,Gemiddelde verkoopprijs,euro,258905,304572,335751,382620,369981
het Bildt,Gemiddelde verkoopprijs,euro,,,,,
De Bilt,Gemiddelde verkoopprijs,euro,481411,540361,634801,719556,608049
Binnenmaas,Gemiddelde verkoopprijs,euro,,,,,
Bladel,Gemiddelde verkoopprijs,euro,334264,358832,409300,465418,441886
Bladel en Netersel,Gemiddelde verkoopprijs,euro,,,,,
Blaricum,Gemiddelde verkoopprijs,euro,775909,831788,1067258,1099057,1070259
Bleiswijk,Gemiddelde verkoopprijs,euro,,,,,
Bloemendaal,Gemiddelde verkoopprijs,euro,831578,863297,1007936,1118894,1088814
Boarnsterhim,Gemiddelde verkoopprijs,euro,,,,,
Bodegraven,Gemiddelde verkoopprijs,euro,,,,,
Bodegraven-Reeuwijk,Gemiddelde verkoopprijs,euro,330097,356638,429306,495663,459624
Boekel,Gemiddelde verkoopprijs,euro,315919,325511,366401,448015,445458
Ten Boer,Gemiddelde verkoopprijs,euro,,,,,
Bolsward,Gemiddelde verkoopprijs,euro,,,,,
Borculo,Gemiddelde verkoopprijs,euro,,,,,
Borger,Gemiddelde verkoopprijs,euro,,,,,
Borger-Odoorn,Gemiddelde verkoopprijs,euro,233711,276324,305783,354458,345005
Born,Gemiddelde verkoopprijs,euro,,,,,
Borne,Gemiddelde verkoopprijs,euro,270534,311055,336553,382521,378701
Borsele,Gemiddelde verkoopprijs,euro,241363,259279,297555,328813,337098
Boskoop,Gemiddelde verkoopprijs,euro,,,,,
Boxmeer,Gemiddelde verkoopprijs,euro,293693,306240,376130,,
Boxtel,Gemiddelde verkoopprijs,euro,337626,318532,404430,466586,445741
Brakel,Gemiddelde verkoopprijs,euro,,,,,
Breda,Gemiddelde verkoopprijs,euro,349971,378935,427348,470555,437260
Brederwiede,Gemiddelde verkoopprijs,euro,,,,,
Breukelen,Gemiddelde verkoopprijs,euro,,,,,
Brielle,Gemiddelde verkoopprijs,euro,295460,330582,371768,406146,
Broekhuizen,Gemiddelde verkoopprijs,euro,,,,,
Bronckhorst,Gemiddelde verkoopprijs,euro,312686,366813,424632,432987,448373
Brouwershaven,Gemiddelde verkoopprijs,euro,,,,,
Bruinisse,Gemiddelde verkoopprijs,euro,,,,,
Brummen,Gemiddelde verkoopprijs,euro,314125,351320,377695,461758,381877
Brunssum,Gemiddelde verkoopprijs,euro,174186,203262,230838,239286,254101
Budel,Gemiddelde verkoopprijs,euro,,,,,
Bunnik,Gemiddelde verkoopprijs,euro,405915,441040,537433,583587,550477
Bunschoten,Gemiddelde verkoopprijs,euro,326403,363809,401056,410781,441758
Buren,Gemiddelde verkoopprijs,euro,324945,364958,429241,500229,489397
Bussum,Gemiddelde verkoopprijs,euro,,,,,
Capelle aan den IJssel,Gemiddelde verkoopprijs,euro,265359,294059,343101,368037,365589
Castricum,Gemiddelde verkoopprijs,euro,369741,395177,461120,513657,484354
Chaam,Gemiddelde verkoopprijs,euro,,,,,
Coevorden,Gemiddelde verkoopprijs,euro,236021,276626,312553,342313,352000
Cothen,Gemiddelde verkoopprijs,euro,,,,,
Cranendonck,Gemiddelde verkoopprijs,euro,283676,317322,344682,394113,401855
Cromstrijen,Gemiddelde verkoopprijs,euro,,,,,
Cuijk,Gemiddelde verkoopprijs,euro,281980,287731,326136,,
Culemborg,Gemiddelde verkoopprijs,euro,299647,319641,385595,406851,427235
Dalen,Gemiddelde verkoopprijs,euro,,,,,
Dalfsen,Gemiddelde verkoopprijs,euro,303668,344270,393372,438023,453709
Dantumadeel,Gemiddelde verkoopprijs,euro,,,,,
Dantumadiel,Gemiddelde verkoopprijs,euro,234227,257872,290598,365470,332254
Delft,Gemiddelde verkoopprijs,euro,311299,339921,395478,417460,388177
Delfzijl,Gemiddelde verkoopprijs,euro,155120,177054,,,
Denekamp,Gemiddelde verkoopprijs,euro,,,,,
Deurne,Gemiddelde verkoopprijs,euro,298007,339761,375140,423064,412143
Deventer,Gemiddelde verkoopprijs,euro,264234,288511,343585,382158,367666
Didam,Gemiddelde verkoopprijs,euro,,,,,
Diemen,Gemiddelde verkoopprijs,euro,389213,414599,465713,528144,510732
Diepenheim,Gemiddelde verkoopprijs,euro,,,,,
Diepenveen,Gemiddelde verkoopprijs,euro,,,,,
Diessen,Gemiddelde verkoopprijs,euro,,,,,
Diever,Gemiddelde verkoopprijs,euro,,,,,
Dijk en Waard,Gemiddelde verkoopprijs,euro,,,,419589,401787
Dinkelland,Gemiddelde verkoopprijs,euro,279197,315526,343759,409307,396513
Dinteloord en Prinsenland,Gemiddelde verkoopprijs,euro,,,,,
Dinxperlo,Gemiddelde verkoopprijs,euro,,,,,
Dirksland,Gemiddelde verkoopprijs,euro,,,,,
Dodewaard,Gemiddelde verkoopprijs,euro,,,,,
Doesburg,Gemiddelde verkoopprijs,euro,256299,284787,347257,355044,361938
Doetinchem,Gemiddelde verkoopprijs,euro,256356,292285,331854,380704,366531
Domburg,Gemiddelde verkoopprijs,euro,,,,,
Dongen,Gemiddelde verkoopprijs,euro,289661,303641,355002,393422,407522
Dongeradeel,Gemiddelde verkoopprijs,euro,,,,,
Doorn,Gemiddelde verkoopprijs,euro,,,,,
Dordrecht,Gemiddelde verkoopprijs,euro,237053,258874,299241,344193,337051
Drechterland,Gemiddelde verkoopprijs,euro,316459,337315,390248,434175,443472
Driebergen-Rijsenburg,Gemiddelde verkoopprijs,euro,,,,,
Drimmelen,Gemiddelde verkoopprijs,euro,289554,300345,372230,412094,404271
Dronten,Gemiddelde verkoopprijs,euro,255563,288202,328945,380735,391106
Drunen,Gemiddelde verkoopprijs,euro,,,,,
Druten,Gemiddelde verkoopprijs,euro,285068,310627,368074,407969,393365
Duiveland,Gemiddelde verkoopprijs,euro,,,,,
Duiven,Gemiddelde verkoopprijs,euro,267400,285676,356087,364887,378523
Den Dungen,Gemiddelde verkoopprijs,euro,,,,,
Dussen,Gemiddelde verkoopprijs,euro,,,,,
Dwingeloo,Gemiddelde verkoopprijs,euro,,,,,
Echt,Gemiddelde verkoopprijs,euro,,,,,
Echteld,Gemiddelde verkoopprijs,euro,,,,,
Echt-Susteren,Gemiddelde verkoopprijs,euro,241334,254534,286426,314551,323939
Edam-Volendam,Gemiddelde verkoopprijs,euro,326325,353711,357430,421963,401690
Ede,Gemiddelde verkoopprijs,euro,302817,329976,392419,429379,428788
Eelde,Gemiddelde verkoopprijs,euro,,,,,
Eemnes,Gemiddelde verkoopprijs,euro,423048,460699,504938,619261,469958
Eemsdelta,Gemiddelde verkoopprijs,euro,,,223055,247661,258900
Eemsmond,Gemiddelde verkoopprijs,euro,,,,,
Eersel,Gemiddelde verkoopprijs,euro,322493,382850,470135,511303,497606
Egmond,Gemiddelde verkoopprijs,euro,,,,,
Eibergen,Gemiddelde verkoopprijs,euro,,,,,
Eijsden,Gemiddelde verkoopprijs,euro,,,,,
Eijsden-Margraten,Gemiddelde verkoopprijs,euro,322239,331858,386121,418356,401290
Eindhoven,Gemiddelde verkoopprijs,euro,308793,344024,367046,411914,404275
Elburg,Gemiddelde verkoopprijs,euro,290570,297143,348909,390511,391847
Elst,Gemiddelde verkoopprijs,euro,,,,,
Emmen,Gemiddelde verkoopprijs,euro,205734,226483,262002,295488,297463
Enkhuizen,Gemiddelde verkoopprijs,euro,242843,269123,326901,368168,340683
Enschede,Gemiddelde verkoopprijs,euro,236580,250307,293302,331510,330955
Epe,Gemiddelde verkoopprijs,euro,340893,383561,463628,490421,487968
Ermelo,Gemiddelde verkoopprijs,euro,338278,360055,424209,509295,489950
Esch,Gemiddelde verkoopprijs,euro,,,,,
Etten-Leur,Gemiddelde verkoopprijs,euro,300580,340667,364881,414082,404599
Ferwerderadeel,Gemiddelde verkoopprijs,euro,,,,,
Ferwerderadiel,Gemiddelde verkoopprijs,euro,,,,,
Fijnaart en Heijningen,Gemiddelde verkoopprijs,euro,,,,,
Franekeradeel,Gemiddelde verkoopprijs,euro,,,,,
De Friese Meren,Gemiddelde verkoopprijs,euro,,,,,
De Fryske Marren,Gemiddelde verkoopprijs,euro,268780,311910,344437,361360,363811
Gaasterlân-Sleat,Gemiddelde verkoopprijs,euro,,,,,
Gasselte,Gemiddelde verkoopprijs,euro,,,,,
Geertruidenberg,Gemiddelde verkoopprijs,euro,259361,307938,352304,374286,386542
Geldermalsen,Gemiddelde verkoopprijs,euro,,,,,
Geldrop,Gemiddelde verkoopprijs,euro,,,,,
Geldrop-Mierlo,Gemiddelde verkoopprijs,euro,298943,353700,371329,440719,434446
Geleen,Gemiddelde verkoopprijs,euro,,,,,
Gemert,Gemiddelde verkoopprijs,euro,,,,,
Gemert-Bakel,Gemiddelde verkoopprijs,euro,305286,354070,397333,434704,438779
Gendringen,Gemiddelde verkoopprijs,euro,,,,,
Gendt,Gemiddelde verkoopprijs,euro,,,,,
Genemuiden,Gemiddelde verkoopprijs,euro,,,,,
Gennep,Gemiddelde verkoopprijs,euro,270151,302087,333719,356673,381468
Giessenlanden,Gemiddelde verkoopprijs,euro,,,,,
Gieten,Gemiddelde verkoopprijs,euro,,,,,
Gilze en Rijen,Gemiddelde verkoopprijs,euro,304871,334905,357378,391598,404290
Goedereede,Gemiddelde verkoopprijs,euro,,,,,
Goeree-Overflakkee,Gemiddelde verkoopprijs,euro,274637,307985,344018,354350,386668
Goes,Gemiddelde verkoopprijs,euro,268724,290407,319274,358022,344828
Goirle,Gemiddelde verkoopprijs,euro,339223,380762,447211,480889,469884
Gooise Meren,Gemiddelde verkoopprijs,euro,510207,551008,647094,692724,656361
Goor,Gemiddelde verkoopprijs,euro,,,,,
Gorinchem,Gemiddelde verkoopprijs,euro,265976,299465,378024,398529,395739
Gorssel,Gemiddelde verkoopprijs,euro,,,,,
Gouda,Gemiddelde verkoopprijs,euro,251188,278996,327961,370521,363025
Graafstroom,Gemiddelde verkoopprijs,euro,,,,,
Graft-De Rijp,Gemiddelde verkoopprijs,euro,,,,,
Gramsbergen,Gemiddelde verkoopprijs,euro,,,,,
Grave,Gemiddelde verkoopprijs,euro,269827,299003,329522,,
's-Graveland,Gemiddelde verkoopprijs,euro,,,,,
's-Gravendeel,Gemiddelde verkoopprijs,euro,,,,,
's-Gravenhage (gemeente),Gemiddelde verkoopprijs,euro,324838,355807,411717,454312,413689
's-Gravenmoer,Gemiddelde verkoopprijs,euro,,,,,
's-Gravenzande,Gemiddelde verkoopprijs,euro,,,,,
Groenlo,Gemiddelde verkoopprijs,euro,,,,,
Groesbeek,Gemiddelde verkoopprijs,euro,,,,,
Groningen (gemeente),Gemiddelde verkoopprijs,euro,258873,278720,321804,353917,349931
Grootegast,Gemiddelde verkoopprijs,euro,,,,,
Grubbenvorst,Gemiddelde verkoopprijs,euro,,,,,
Gulpen,Gemiddelde verkoopprijs,euro,,,,,
Gulpen-Wittem,Gemiddelde verkoopprijs,euro,266622,294178,354940,390058,355648
Haaksbergen,Gemiddelde verkoopprijs,euro,271752,306543,363530,373671,371944
Haaren,Gemiddelde verkoopprijs,euro,396206,427129,,,
Haarlem,Gemiddelde verkoopprijs,euro,417583,447447,507862,561362,507289
Haarlemmerliede en Spaarnwoude,Gemiddelde verkoopprijs,euro,,,,,
Haarlemmermeer,Gemiddelde verkoopprijs,euro,372300,403265,470338,527074,507636
Haelen,Gemiddelde verkoopprijs,euro,,,,,
Halderberge,Gemiddelde verkoopprijs,euro,304176,316915,353175,372943,398819
Halsteren,Gemiddelde verkoopprijs,euro,,,,,
Den Ham,Gemiddelde verkoopprijs,euro,,,,,
Hardenberg,Gemiddelde verkoopprijs,euro,248364,270151,303203,353450,349124
Harderwijk,Gemiddelde verkoopprijs,euro,321594,338710,369508,450728,437767
Hardinxveld-Giessendam,Gemiddelde verkoopprijs,euro,267363,279851,326786,390187,374112
Haren,Gemiddelde verkoopprijs,euro,,,,,
Harenkarspel,Gemiddelde verkoopprijs,euro,,,,,
Harlingen,Gemiddelde verkoopprijs,euro,216426,234161,272258,311678,298340
Harmelen,Gemiddelde verkoopprijs,euro,,,,,
Hasselt,Gemiddelde verkoopprijs,euro,,,,,
Hattem,Gemiddelde verkoopprijs,euro,296484,336286,437348,509050,469519
Havelte,Gemiddelde verkoopprijs,euro,,,,,
Hedel,Gemiddelde verkoopprijs,euro,,,,,
Heel,Gemiddelde verkoopprijs,euro,,,,,
Heemskerk,Gemiddelde verkoopprijs,euro,318055,355754,404142,418202,429159
Heemstede,Gemiddelde verkoopprijs,euro,626574,647455,694937,805009,708279
Heerde,Gemiddelde verkoopprijs,euro,327509,352913,404432,487890,479099
Heerenveen,Gemiddelde verkoopprijs,euro,257836,286218,317736,358246,362420
Heerewaarden,Gemiddelde verkoopprijs,euro,,,,,
Heerhugowaard,Gemiddelde verkoopprijs,euro,283079,300434,323983,,
Heerjansdam,Gemiddelde verkoopprijs,euro,,,,,
Heerlen,Gemiddelde verkoopprijs,euro,182279,202356,230616,251269,246595
Heesch,Gemiddelde verkoopprijs,euro,,,,,
Heeze,Gemiddelde verkoopprijs,euro,,,,,
Heeze-Leende,Gemiddelde verkoopprijs,euro,353329,393230,433505,404584,482660
Heiloo,Gemiddelde verkoopprijs,euro,388752,439156,558472,561046,555327
Heino,Gemiddelde verkoopprijs,euro,,,,,
Helden,Gemiddelde verkoopprijs,euro,,,,,
Den Helder,Gemiddelde verkoopprijs,euro,175079,195946,225902,270723,262913
Hellendoorn,Gemiddelde verkoopprijs,euro,270821,307962,334791,382052,378769
Hellevoetsluis,Gemiddelde verkoopprijs,euro,268772,287915,306338,363119,
Helmond,Gemiddelde verkoopprijs,euro,286812,305792,339835,382110,389050
Helvoirt,Gemiddelde verkoopprijs,euro,,,,,
Hendrik-Ido-Ambacht,Gemiddelde verkoopprijs,euro,319455,348122,380186,429593,413446
Hengelo (Gld.),Gemiddelde verkoopprijs,euro,,,,,
Hengelo (O.),Gemiddelde verkoopprijs,euro,233423,249108,289151,324423,323659
's-Hertogenbosch,Gemiddelde verkoopprijs,euro,333172,371124,412222,463836,443955
Heteren,Gemiddelde verkoopprijs,euro,,,,,
Heumen,Gemiddelde verkoopprijs,euro,362576,371889,403251,463793,436401
Heusden,Gemiddelde verkoopprijs,euro,330920,371950,411890,473782,445212
Heythuysen,Gemiddelde verkoopprijs,euro,,,,,
Hillegom,Gemiddelde verkoopprijs,euro,329777,324741,392555,478292,428285
Hilvarenbeek,Gemiddelde verkoopprijs,euro,362634,403876,474617,541379,520360
Hilversum,Gemiddelde verkoopprijs,euro,404786,440080,521263,524216,505257
Hoeksche Waard,Gemiddelde verkoopprijs,euro,297347,329804,364756,403746,405396
Hoevelaken,Gemiddelde verkoopprijs,euro,,,,,
Hoeven,Gemiddelde verkoopprijs,euro,,,,,
Hof van Twente,Gemiddelde verkoopprijs,euro,274670,299266,354722,383248,396306
Het Hogeland,Gemiddelde verkoopprijs,euro,188784,200484,251832,286572,285779
Hollands Kroon,Gemiddelde verkoopprijs,euro,257549,256800,302564,366867,379619
Holten,Gemiddelde verkoopprijs,euro,,,,,
Hontenisse,Gemiddelde verkoopprijs,euro,,,,,
Hooge en Lage Mierde,Gemiddelde verkoopprijs,euro,,,,,
Hooge en Lage Zwaluwe,Gemiddelde verkoopprijs,euro,,,,,
"Hoogeloon, Hapert en Casteren",Gemiddelde verkoopprijs,euro,,,,,
Hoogeveen,Gemiddelde verkoopprijs,euro,209654,232875,272291,311475,307248
Hoogezand-Sappemeer,Gemiddelde verkoopprijs,euro,,,,,
Hoorn,Gemiddelde verkoopprijs,euro,273490,294233,351708,384165,379412
Horst,Gemiddelde verkoopprijs,euro,,,,,
Horst aan de Maas,Gemiddelde verkoopprijs,euro,270171,296947,327659,364811,364033
Houten,Gemiddelde verkoopprijs,euro,384695,446636,502688,564254,525070
Huijbergen,Gemiddelde verkoopprijs,euro,,,,,
Huissen,Gemiddelde verkoopprijs,euro,,,,,
Huizen,Gemiddelde verkoopprijs,euro,408548,449470,536037,581623,531067
Hulst,Gemiddelde verkoopprijs,euro,225322,246569,271034,305894,287857
Hummelo en Keppel,Gemiddelde verkoopprijs,euro,,,,,
Hunsel,Gemiddelde verkoopprijs,euro,,,,,
IJsselham,Gemiddelde verkoopprijs,euro,,,,,
IJsselmuiden,Gemiddelde verkoopprijs,euro,,,,,
IJsselstein,Gemiddelde verkoopprijs,euro,358675,367980,413115,493830,475722
Jacobswoude,Gemiddelde verkoopprijs,euro,,,,,
Kaag en Braassem,Gemiddelde verkoopprijs,euro,363467,383736,441190,492745,487753
Kampen,Gemiddelde verkoopprijs,euro,250239,269422,310676,344255,353228
Kapelle,Gemiddelde verkoopprijs,euro,260592,289124,327750,355556,374884
Katwijk,Gemiddelde verkoopprijs,euro,339783,361519,388991,466023,467919
Kerkrade,Gemiddelde verkoopprijs,euro,181691,194105,216618,237848,242591
Kerkwijk,Gemiddelde verkoopprijs,euro,,,,,
Kessel,Gemiddelde verkoopprijs,euro,,,,,
Kesteren,Gemiddelde verkoopprijs,euro,,,,,
Klundert,Gemiddelde verkoopprijs,euro,,,,,
Koggenland,Gemiddelde verkoopprijs,euro,277496,340448,388633,401706,399324
Kollumerland en Nieuwkruisland,Gemiddelde verkoopprijs,euro,,,,,
Korendijk,Gemiddelde verkoopprijs,euro,,,,,
Krimpen aan den IJssel,Gemiddelde verkoopprijs,euro,300039,336995,373643,413193,425298
Krimpenerwaard,Gemiddelde verkoopprijs,euro,312776,338238,386435,410418,420436
Laarbeek,Gemiddelde verkoopprijs,euro,314068,334854,419784,476186,434148
Landerd,Gemiddelde verkoopprijs,euro,325429,381620,433780,,
Land van Cuijk,Gemiddelde verkoopprijs,euro,,,,394888,395464
Landgraaf,Gemiddelde verkoopprijs,euro,208795,217604,257710,282061,271284
Landsmeer,Gemiddelde verkoopprijs,euro,423804,538061,593680,723995,634565
Langbroek,Gemiddelde verkoopprijs,euro,,,,,
Langedijk,Gemiddelde verkoopprijs,euro,351227,353062,370206,,
Lansingerland,Gemiddelde verkoopprijs,euro,396044,427658,468193,551857,525887
Laren (NH.),Gemiddelde verkoopprijs,euro,768056,788028,989352,1030092,1050433
Leek,Gemiddelde verkoopprijs,euro,,,,,
Leende,Gemiddelde verkoopprijs,euro,,,,,
Leerdam,Gemiddelde verkoopprijs,euro,,,,,
Leersum,Gemiddelde verkoopprijs,euro,,,,,
Leeuwarden,Gemiddelde verkoopprijs,euro,215883,230738,262188,287719,294731
Leeuwarderadeel,Gemiddelde verkoopprijs,euro,,,,,
Leiden,Gemiddelde verkoopprijs,euro,349233,359467,405468,462784,454317
Leiderdorp,Gemiddelde verkoopprijs,euro,325687,343268,416150,456404,460174
Leidschendam,Gemiddelde verkoopprijs,euro,,,,,
Leidschendam-Voorburg,Gemiddelde verkoopprijs,euro,340427,374089,432286,469847,446942
Lelystad,Gemiddelde verkoopprijs,euro,242923,273122,332187,380395,372216
Lemsterland,Gemiddelde verkoopprijs,euro,,,,,
Leudal,Gemiddelde verkoopprijs,euro,255954,289030,324308,358597,361361
Leusden,Gemiddelde verkoopprijs,euro,354700,419046,434561,518247,464698
Lichtenvoorde,Gemiddelde verkoopprijs,euro,,,,,
Liemeer,Gemiddelde verkoopprijs,euro,,,,,
Liempde,Gemiddelde verkoopprijs,euro,,,,,
Lienden,Gemiddelde verkoopprijs,euro,,,,,
De Lier,Gemiddelde verkoopprijs,euro,,,,,
Lieshout,Gemiddelde verkoopprijs,euro,,,,,
Liesveld,Gemiddelde verkoopprijs,euro,,,,,
Limmen,Gemiddelde verkoopprijs,euro,,,,,
Lingewaal,Gemiddelde verkoopprijs,euro,,,,,
Lingewaard,Gemiddelde verkoopprijs,euro,290167,330854,390277,419119,410498
Lisse,Gemiddelde verkoopprijs,euro,353896,380206,430324,489673,448147
Lith,Gemiddelde verkoopprijs,euro,,,,,
Littenseradiel,Gemiddelde verkoopprijs,euro,,,,,
Lochem,Gemiddelde verkoopprijs,euro,365568,383972,437774,502447,500226
Loenen,Gemiddelde verkoopprijs,euro,,,,,
Loon op Zand,Gemiddelde verkoopprijs,euro,306774,312096,362501,438484,414386
Loosdrecht,Gemiddelde verkoopprijs,euro,,,,,
Lopik,Gemiddelde verkoopprijs,euro,350796,340678,397772,434177,450717
Loppersum,Gemiddelde verkoopprijs,euro,192374,215487,,,
Losser,Gemiddelde verkoopprijs,euro,247547,263808,327243,353099,344779
Luyksgestel,Gemiddelde verkoopprijs,euro,,,,,
Maarheeze,Gemiddelde verkoopprijs,euro,,,,,
Maarn,Gemiddelde verkoopprijs,euro,,,,,
Maarssen,Gemiddelde verkoopprijs,euro,,,,,
Maartensdijk,Gemiddelde verkoopprijs,euro,,,,,
Maasbracht,Gemiddelde verkoopprijs,euro,,,,,
Maasbree,Gemiddelde verkoopprijs,euro,,,,,
Maasdonk,Gemiddelde verkoopprijs,euro,,,,,
Maasdriel,Gemiddelde verkoopprijs,euro,318200,344312,405150,441250,448639
Maasgouw,Gemiddelde verkoopprijs,euro,254930,268396,304396,352095,344071
Maashorst,Gemiddelde verkoopprijs,euro,,,,430706,405092
Maasland,Gemiddelde verkoopprijs,euro,,,,,
Maassluis,Gemiddelde verkoopprijs,euro,251727,295038,329919,370478,378651
Maastricht,Gemiddelde verkoopprijs,euro,283456,316733,353620,369617,374547
Made,Gemiddelde verkoopprijs,euro,,,,,
Made en Drimmelen,Gemiddelde verkoopprijs,euro,,,,,
Margraten,Gemiddelde verkoopprijs,euro,,,,,
Mariekerke,Gemiddelde verkoopprijs,euro,,,,,
Markelo,Gemiddelde verkoopprijs,euro,,,,,
De Marne,Gemiddelde verkoopprijs,euro,,,,,
Marum,Gemiddelde verkoopprijs,euro,,,,,
Maurik,Gemiddelde verkoopprijs,euro,,,,,
Medemblik,Gemiddelde verkoopprijs,euro,292067,306267,375268,419330,406510
Meerlo-Wanssum,Gemiddelde verkoopprijs,euro,,,,,
Meerssen,Gemiddelde verkoopprijs,euro,300239,313281,355909,373464,368487
Meierijstad,Gemiddelde verkoopprijs,euro,326440,349750,391072,431530,435627
Meijel,Gemiddelde verkoopprijs,euro,,,,,
Menaldumadeel,Gemiddelde verkoopprijs,euro,,,,,
Menameradiel,Gemiddelde verkoopprijs,euro,,,,,
Menterwolde,Gemiddelde verkoopprijs,euro,,,,,
Meppel,Gemiddelde verkoopprijs,euro,255702,259458,325843,367173,359845
Middelburg (Z.),Gemiddelde verkoopprijs,euro,257953,271151,321374,336663,345346
Middelharnis,Gemiddelde verkoopprijs,euro,,,,,
Midden-Delfland,Gemiddelde verkoopprijs,euro,399595,413768,428303,542582,502410
Midden-Drenthe,Gemiddelde verkoopprijs,euro,261194,300377,349627,400341,364967
Midden-Groningen,Gemiddelde verkoopprijs,euro,206726,228605,282704,310624,307111
Middenschouwen,Gemiddelde verkoopprijs,euro,,,,,
Middenveld,Gemiddelde verkoopprijs,euro,,,,,
Mierlo,Gemiddelde verkoopprijs,euro,,,,,
Mill en Sint Hubert,Gemiddelde verkoopprijs,euro,312417,332698,411139,,
Millingen aan de Rijn,Gemiddelde verkoopprijs,euro,,,,,
Moerdijk,Gemiddelde verkoopprijs,euro,272935,286000,343613,381545,375225
Moergestel,Gemiddelde verkoopprijs,euro,,,,,
Molenlanden,Gemiddelde verkoopprijs,euro,302028,337367,373551,450833,404893
Molenwaard,Gemiddelde verkoopprijs,euro,,,,,
Monster,Gemiddelde verkoopprijs,euro,,,,,
Montferland,Gemiddelde verkoopprijs,euro,277385,299129,337596,386876,357759
Montfoort,Gemiddelde verkoopprijs,euro,337359,353781,422345,458538,478504
Mook en Middelaar,Gemiddelde verkoopprijs,euro,339042,362062,452951,452833,456031
Moordrecht,Gemiddelde verkoopprijs,euro,,,,,
Muiden,Gemiddelde verkoopprijs,euro,,,,,
Naaldwijk,Gemiddelde verkoopprijs,euro,,,,,
Naarden,Gemiddelde verkoopprijs,euro,,,,,
Neder-Betuwe,Gemiddelde verkoopprijs,euro,309005,333167,397599,432118,410710
Nederhorst den Berg,Gemiddelde verkoopprijs,euro,,,,,
Nederlek,Gemiddelde verkoopprijs,euro,,,,,
Nederweert,Gemiddelde verkoopprijs,euro,283744,322041,383234,431826,391462
Neede,Gemiddelde verkoopprijs,euro,,,,,
Neerijnen,Gemiddelde verkoopprijs,euro,,,,,
Niedorp,Gemiddelde verkoopprijs,euro,,,,,
Nieuwegein,Gemiddelde verkoopprijs,euro,278325,298058,362749,403946,385704
Nieuwerkerk aan den IJssel,Gemiddelde verkoopprijs,euro,,,,,
Nieuw-Ginneken,Gemiddelde verkoopprijs,euro,,,,,
Nieuwkoop,Gemiddelde verkoopprijs,euro,344377,370084,454250,458795,468956
Nieuw-Lekkerland,Gemiddelde verkoopprijs,euro,,,,,
Nieuwleusen,Gemiddelde verkoopprijs,euro,,,,,
Nieuw-Vossemeer,Gemiddelde verkoopprijs,euro,,,,,
Nijefurd,Gemiddelde verkoopprijs,euro,,,,,
Nijeveen,Gemiddelde verkoopprijs,euro,,,,,
Nijkerk,Gemiddelde verkoopprijs,euro,354348,389649,426642,480123,478370
Nijmegen,Gemiddelde verkoopprijs,euro,293780,323659,364849,412448,396340
Nissewaard,Gemiddelde verkoopprijs,euro,237789,266765,296986,340657,335318
Noardeast-Fryslân,Gemiddelde verkoopprijs,euro,194819,215494,253816,276733,279101
Noord-Beveland,Gemiddelde verkoopprijs,euro,238056,302133,326869,332784,314504
Noordenveld,Gemiddelde verkoopprijs,euro,292763,304166,355463,402944,395191
Noorder-Koggenland,Gemiddelde verkoopprijs,euro,,,,,
Noordoostpolder,Gemiddelde verkoopprijs,euro,226690,252108,286031,335010,330982
Noordwijk,Gemiddelde verkoopprijs,euro,385030,443969,528958,566407,558030
Noordwijkerhout,Gemiddelde verkoopprijs,euro,,,,,
Nootdorp,Gemiddelde verkoopprijs,euro,,,,,
Norg,Gemiddelde verkoopprijs,euro,,,,,
"Nuenen, Gerwen en Nederwetten",Gemiddelde verkoopprijs,euro,375525,410545,470174,531586,507646
Nunspeet,Gemiddelde verkoopprijs,euro,326608,359883,424288,473810,466618
Nuth,Gemiddelde verkoopprijs,euro,,,,,
Obdam,Gemiddelde verkoopprijs,euro,,,,,
Odoorn,Gemiddelde verkoopprijs,euro,,,,,
Oegstgeest,Gemiddelde verkoopprijs,euro,432400,497333,575022,585559,554888
Oirschot,Gemiddelde verkoopprijs,euro,366307,394923,463075,490202,445409
Oisterwijk,Gemiddelde verkoopprijs,euro,415795,407840,540545,562483,548465
Oldambt,Gemiddelde verkoopprijs,euro,175832,199615,260104,280220,265561
Oldebroek,Gemiddelde verkoopprijs,euro,284316,319878,349353,408678,404930
Oldenzaal,Gemiddelde verkoopprijs,euro,274515,291320,325273,376000,352349
Olst,Gemiddelde verkoopprijs,euro,,,,,
Olst-Wijhe,Gemiddelde verkoopprijs,euro,307782,317881,351981,397782,392170
Ommen,Gemiddelde verkoopprijs,euro,277235,317571,378619,422265,414665
Onderbanken,Gemiddelde verkoopprijs,euro,,,,,
Oost Gelre,Gemiddelde verkoopprijs,euro,258210,268196,313307,342865,335834
"Oost-, West- en Middelbeers",Gemiddelde verkoopprijs,euro,,,,,
Oostburg,Gemiddelde verkoopprijs,euro,,,,,
Oosterhesselen,Gemiddelde verkoopprijs,euro,,,,,
Oosterhout,Gemiddelde verkoopprijs,euro,307380,295149,372134,405578,383798
Oostflakkee,Gemiddelde verkoopprijs,euro,,,,,
Ooststellingwerf,Gemiddelde verkoopprijs,euro,238187,252997,319631,367111,340529
Oostzaan,Gemiddelde verkoopprijs,euro,429343,478648,482845,576485,512640
Ootmarsum,Gemiddelde verkoopprijs,euro,,,,,
Openbaar Lichaam Z.IJ.P.,Gemiddelde verkoopprijs,euro,,,,,
Opmeer,Gemiddelde verkoopprijs,euro,288932,330792,381818,391408,406119
Opsterland,Gemiddelde verkoopprijs,euro,254852,284117,320331,360245,356626
Oss,Gemiddelde verkoopprijs,euro,264775,298356,353733,373130,391472
Ossendrecht,Gemiddelde verkoopprijs,euro,,,,,
Oud en Nieuw Gastel,Gemiddelde verkoopprijs,euro,,,,,
Oud-Beijerland,Gemiddelde verkoopprijs,euro,,,,,
Oude IJsselstreek,Gemiddelde verkoopprijs,euro,247024,281208,309702,316538,340047
Oudenbosch,Gemiddelde verkoopprijs,euro,,,,,
Ouder-Amstel,Gemiddelde verkoopprijs,euro,494115,511264,554471,650625,630471
Ouderkerk,Gemiddelde verkoopprijs,euro,,,,,
Oudewater,Gemiddelde verkoopprijs,euro,360006,417974,426664,425912,449685
Overbetuwe,Gemiddelde verkoopprijs,euro,316978,349961,422478,453813,433469
Papendrecht,Gemiddelde verkoopprijs,euro,256448,283352,318706,382187,363336
Peel en Maas,Gemiddelde verkoopprijs,euro,279723,295228,325223,376418,371634
Peize,Gemiddelde verkoopprijs,euro,,,,,
Pekela,Gemiddelde verkoopprijs,euro,161257,164123,200451,230760,215756
Pijnacker,Gemiddelde verkoopprijs,euro,,,,,
Pijnacker-Nootdorp,Gemiddelde verkoopprijs,euro,375870,412301,467075,524878,529527
Prinsenbeek,Gemiddelde verkoopprijs,euro,,,,,
Purmerend,Gemiddelde verkoopprijs,euro,295650,305916,362562,439694,418835
Putte,Gemiddelde verkoopprijs,euro,,,,,
Putten,Gemiddelde verkoopprijs,euro,398712,407186,470141,539795,525344
Raalte,Gemiddelde verkoopprijs,euro,285841,310713,347155,403106,421573
Raamsdonk,Gemiddelde verkoopprijs,euro,,,,,
Ravenstein,Gemiddelde verkoopprijs,euro,,,,,
Reeuwijk,Gemiddelde verkoopprijs,euro,,,,,
Reiderland,Gemiddelde verkoopprijs,euro,,,,,
Reimerswaal,Gemiddelde verkoopprijs,euro,217424,241917,285426,316574,309829
Renkum,Gemiddelde verkoopprijs,euro,352440,374240,478445,502993,454631
Renswoude,Gemiddelde verkoopprijs,euro,336929,360584,426882,516818,419133
Reusel,Gemiddelde verkoopprijs,euro,,,,,
Reusel-De Mierden,Gemiddelde verkoopprijs,euro,338747,357230,402421,444827,435659
Rheden,Gemiddelde verkoopprijs,euro,282833,315772,367012,409260,393825
Rhenen,Gemiddelde verkoopprijs,euro,360623,395582,447720,502528,493055
Ridderkerk,Gemiddelde verkoopprijs,euro,256618,283059,310977,330748,339295
Riethoven,Gemiddelde verkoopprijs,euro,,,,,
Rijnsburg,Gemiddelde verkoopprijs,euro,,,,,
Rijnwaarden,Gemiddelde verkoopprijs,euro,,,,,
Rijnwoude,Gemiddelde verkoopprijs,euro,,,,,
Rijsbergen,Gemiddelde verkoopprijs,euro,,,,,
Rijssen,Gemiddelde verkoopprijs,euro,,,,,
Rijssen-Holten,Gemiddelde verkoopprijs,euro,287331,317632,342796,403213,390878
Rijswijk (ZH.),Gemiddelde verkoopprijs,euro,280781,303017,355881,403783,385294
Roden,Gemiddelde verkoopprijs,euro,,,,,
Roerdalen,Gemiddelde verkoopprijs,euro,242138,252910,306118,319540,330300
Roermond,Gemiddelde verkoopprijs,euro,251213,268453,318961,358354,344337
Roggel en Neer,Gemiddelde verkoopprijs,euro,,,,,
Rolde,Gemiddelde verkoopprijs,euro,,,,,
De Ronde Venen,Gemiddelde verkoopprijs,euro,444854,503591,516798,594117,510413
Roosendaal,Gemiddelde verkoopprijs,euro,257331,283960,315735,343792,342488
Roosendaal en Nispen,Gemiddelde verkoopprijs,euro,,,,,
Rosmalen,Gemiddelde verkoopprijs,euro,,,,,
Rossum,Gemiddelde verkoopprijs,euro,,,,,
Rotterdam,Gemiddelde verkoopprijs,euro,282910,307358,364018,397864,383652
Rozenburg,Gemiddelde verkoopprijs,euro,,,,,
Rozendaal,Gemiddelde verkoopprijs,euro,667428,610553,796088,743500,739742
Rucphen,Gemiddelde verkoopprijs,euro,290092,314850,379681,441299,428608
Ruinen,Gemiddelde verkoopprijs,euro,,,,,
Ruinerwold,Gemiddelde verkoopprijs,euro,,,,,
Ruurlo,Gemiddelde verkoopprijs,euro,,,,,
Sas van Gent,Gemiddelde verkoopprijs,euro,,,,,
Sassenheim,Gemiddelde verkoopprijs,euro,,,,,
Schagen,Gemiddelde verkoopprijs,euro,279396,308046,341486,369153,361248
Scheemda,Gemiddelde verkoopprijs,euro,,,,,
Schermer,Gemiddelde verkoopprijs,euro,,,,,
Scherpenzeel,Gemiddelde verkoopprijs,euro,319781,339046,424213,476016,445731
Schiedam,Gemiddelde verkoopprijs,euro,220493,233751,279445,317374,312009
Schiermonnikoog,Gemiddelde verkoopprijs,euro,350824,347238,430227,577222,392520
Schijndel,Gemiddelde verkoopprijs,euro,,,,,
Schinnen,Gemiddelde verkoopprijs,euro,,,,,
Schipluiden,Gemiddelde verkoopprijs,euro,,,,,
Schoonebeek,Gemiddelde verkoopprijs,euro,,,,,
Schoonhoven,Gemiddelde verkoopprijs,euro,,,,,
Schoorl,Gemiddelde verkoopprijs,euro,,,,,
Schouwen-Duiveland,Gemiddelde verkoopprijs,euro,303163,316192,371398,439931,426422
Sevenum,Gemiddelde verkoopprijs,euro,,,,,
Simpelveld,Gemiddelde verkoopprijs,euro,227444,221359,288495,296350,305913
Sint Anthonis,Gemiddelde verkoopprijs,euro,319856,323200,410639,,
Sint-Michielsgestel,Gemiddelde verkoopprijs,euro,391957,433726,491511,513015,508033
Sint-Oedenrode,Gemiddelde verkoopprijs,euro,,,,,
Sittard,Gemiddelde verkoopprijs,euro,,,,,
Sittard-Geleen,Gemiddelde verkoopprijs,euro,218196,227165,266384,292836,299110
Skarsterlân,Gemiddelde verkoopprijs,euro,,,,,
Sleen,Gemiddelde verkoopprijs,euro,,,,,
Sliedrecht,Gemiddelde verkoopprijs,euro,257417,271072,303720,337111,348242
Slochteren,Gemiddelde verkoopprijs,euro,,,,,
Sluis,Gemiddelde verkoopprijs,euro,246366,268436,294425,324194,343411
Sluis-Aardenburg,Gemiddelde verkoopprijs,euro,,,,,
Smallingerland,Gemiddelde verkoopprijs,euro,233493,244055,282933,304540,311690
Smilde,Gemiddelde verkoopprijs,euro,,,,,
Sneek,Gemiddelde verkoopprijs,euro,,,,,
Soest,Gemiddelde verkoopprijs,euro,394385,416785,506533,535046,496039
Someren,Gemiddelde verkoopprijs,euro,317973,341627,378186,430976,410727
Son en Breugel,Gemiddelde verkoopprijs,euro,400261,387355,477112,583666,525199
Spijkenisse,Gemiddelde verkoopprijs,euro,,,,,
Sprang-Capelle,Gemiddelde verkoopprijs,euro,,,,,
St. Anthonis,Gemiddelde verkoopprijs,euro,,,,,
Stad Delden,Gemiddelde verkoopprijs,euro,,,,,
Stadskanaal,Gemiddelde verkoopprijs,euro,185491,217543,250693,289185,265130
Standdaarbuiten,Gemiddelde verkoopprijs,euro,,,,,
Staphorst,Gemiddelde verkoopprijs,euro,265255,303884,337504,335060,348135
Stede Broec,Gemiddelde verkoopprijs,euro,270874,296841,327041,353699,361141
Steenbergen,Gemiddelde verkoopprijs,euro,250782,258586,325057,351730,340642
Steenderen,Gemiddelde verkoopprijs,euro,,,,,
Steenwijk,Gemiddelde verkoopprijs,euro,,,,,
Steenwijkerland,Gemiddelde verkoopprijs,euro,250383,285838,333678,378215,364946
Stein (L.),Gemiddelde verkoopprijs,euro,236204,254755,279959,314906,307129
Stichtse Vecht,Gemiddelde verkoopprijs,euro,383891,439309,495126,544616,463136
Stramproy,Gemiddelde verkoopprijs,euro,,,,,
Strijen,Gemiddelde verkoopprijs,euro,,,,,
Súdwest-Fryslân,Gemiddelde verkoopprijs,euro,225650,264604,297003,342373,333187
Susteren,Gemiddelde verkoopprijs,euro,,,,,
Swalmen,Gemiddelde verkoopprijs,euro,,,,,
Tegelen,Gemiddelde verkoopprijs,euro,,,,,
Terheijden,Gemiddelde verkoopprijs,euro,,,,,
Terneuzen,Gemiddelde verkoopprijs,euro,201581,207830,252263,264791,279351
Terschelling,Gemiddelde verkoopprijs,euro,327548,382293,418149,501262,519238
Teteringen,Gemiddelde verkoopprijs,euro,,,,,
Texel,Gemiddelde verkoopprijs,euro,321732,359029,377342,440996,435091
Teylingen,Gemiddelde verkoopprijs,euro,395293,406240,488709,523546,478659
Tholen,Gemiddelde verkoopprijs,euro,232909,238255,264939,279252,301243
Thorn,Gemiddelde verkoopprijs,euro,,,,,
Tiel,Gemiddelde verkoopprijs,euro,260785,287184,323105,366982,367705
Tilburg,Gemiddelde verkoopprijs,euro,265272,293733,342612,384896,371491
Tubbergen,Gemiddelde verkoopprijs,euro,317491,328689,372400,402986,408662
Twenterand,Gemiddelde verkoopprijs,euro,248957,273030,309662,348114,338159
Tynaarlo,Gemiddelde verkoopprijs,euro,309779,350488,411599,485627,441709
Tytsjerksteradiel,Gemiddelde verkoopprijs,euro,235601,257895,295332,339855,327843
Ubbergen,Gemiddelde verkoopprijs,euro,,,,,
Uden,Gemiddelde verkoopprijs,euro,304260,327042,372898,,
Udenhout,Gemiddelde verkoopprijs,euro,,,,,
Uitgeest,Gemiddelde verkoopprijs,euro,336959,377100,413903,440975,430433
Uithoorn,Gemiddelde verkoopprijs,euro,364524,394007,435155,491962,492522
Urk,Gemiddelde verkoopprijs,euro,243089,262460,296183,353662,346323
Utrecht (gemeente),Gemiddelde verkoopprijs,euro,379770,405791,469949,510980,474406
Utrechtse Heuvelrug,Gemiddelde verkoopprijs,euro,442777,500361,562887,609028,565002
Vaals,Gemiddelde verkoopprijs,euro,228667,237242,284157,309886,339157
Valburg,Gemiddelde verkoopprijs,euro,,,,,
Valkenburg (ZH.),Gemiddelde verkoopprijs,euro,,,,,
Valkenburg aan de Geul,Gemiddelde verkoopprijs,euro,275708,313227,371075,376053,374549
Valkenisse,Gemiddelde verkoopprijs,euro,,,,,
Valkenswaard,Gemiddelde verkoopprijs,euro,302218,363915,403714,433790,445032
Veendam,Gemiddelde verkoopprijs,euro,187460,206197,231374,272927,269888
Veenendaal,Gemiddelde verkoopprijs,euro,286669,311679,367626,429360,393050
Veere,Gemiddelde verkoopprijs,euro,332804,381893,373049,480841,450324
Veghel,Gemiddelde verkoopprijs,euro,,,,,
Veldhoven,Gemiddelde verkoopprijs,euro,351668,384498,435660,499968,486364
Velsen,Gemiddelde verkoopprijs,euro,343305,361612,406030,482234,445225
Venhuizen,Gemiddelde verkoopprijs,euro,,,,,
Venlo,Gemiddelde verkoopprijs,euro,245618,265942,304030,341127,318113
Venray,Gemiddelde verkoopprijs,euro,258421,280883,303827,367108,369202
"Vessem, Wintelre en Knegsel",Gemiddelde verkoopprijs,euro,,,,,
Vianen,Gemiddelde verkoopprijs,euro,,,,,
Vierlingsbeek,Gemiddelde verkoopprijs,euro,,,,,
Vijfheerenlanden,Gemiddelde verkoopprijs,euro,303974,329591,385814,406101,411710
Vlaardingen,Gemiddelde verkoopprijs,euro,231415,258309,301858,323849,318185
Vlagtwedde,Gemiddelde verkoopprijs,euro,,,,,
Vledder,Gemiddelde verkoopprijs,euro,,,,,
Vleuten-De Meern,Gemiddelde verkoopprijs,euro,,,,,
Vlieland,Gemiddelde verkoopprijs,euro,404084,402227,431250,557157,526909
Vlijmen,Gemiddelde verkoopprijs,euro,,,,,
Vlissingen,Gemiddelde verkoopprijs,euro,197372,207906,247768,271899,274120
Vlist,Gemiddelde verkoopprijs,euro,,,,,
Voerendaal,Gemiddelde verkoopprijs,euro,274747,295235,319744,361990,373016
Voorburg,Gemiddelde verkoopprijs,euro,,,,,
Voorhout,Gemiddelde verkoopprijs,euro,,,,,
Voorne aan Zee,Gemiddelde verkoopprijs,euro,,,,,433128
Voorschoten,Gemiddelde verkoopprijs,euro,426883,455991,512475,565453,534837
Voorst,Gemiddelde verkoopprijs,euro,344667,380896,410863,538499,473723
Vorden,Gemiddelde verkoopprijs,euro,,,,,
Vries,Gemiddelde verkoopprijs,euro,,,,,
Vriezenveen,Gemiddelde verkoopprijs,euro,,,,,
Vught,Gemiddelde verkoopprijs,euro,449625,482126,555788,614829,606139
Waadhoeke,Gemiddelde verkoopprijs,euro,209107,218120,247730,289942,273994
Waalre,Gemiddelde verkoopprijs,euro,434328,438780,563089,607624,566029
Waalwijk,Gemiddelde verkoopprijs,euro,289596,324796,364015,396309,394820
Waddinxveen,Gemiddelde verkoopprijs,euro,271966,295664,358529,411557,395832
Wageningen,Gemiddelde verkoopprijs,euro,312915,349478,403316,436182,448168
Warmond,Gemiddelde verkoopprijs,euro,,,,,
Warnsveld,Gemiddelde verkoopprijs,euro,,,,,
Waspik,Gemiddelde verkoopprijs,euro,,,,,
Wassenaar,Gemiddelde verkoopprijs,euro,711264,759683,910810,970767,799869
Wateringen,Gemiddelde verkoopprijs,euro,,,,,
Waterland,Gemiddelde verkoopprijs,euro,424174,448439,498206,561658,497101
Weerselo,Gemiddelde verkoopprijs,euro,,,,,
Weert,Gemiddelde verkoopprijs,euro,275523,286721,330617,370896,354656
Weesp,Gemiddelde verkoopprijs,euro,386545,416087,434761,537554,
Wehl,Gemiddelde verkoopprijs,euro,,,,,
Werkendam,Gemiddelde verkoopprijs,euro,,,,,
Wervershoof,Gemiddelde verkoopprijs,euro,,,,,
West Betuwe,Gemiddelde verkoopprijs,euro,341269,358088,426523,474794,445305
West Maas en Waal,Gemiddelde verkoopprijs,euro,308391,323567,401160,464101,421403
Westerbork,Gemiddelde verkoopprijs,euro,,,,,
Westerhoven,Gemiddelde verkoopprijs,euro,,,,,
Wester-Koggenland,Gemiddelde verkoopprijs,euro,,,,,
Westerkwartier,Gemiddelde verkoopprijs,euro,240808,274333,303468,349610,343694
Westerschouwen,Gemiddelde verkoopprijs,euro,,,,,
Westerveld,Gemiddelde verkoopprijs,euro,279468,312598,386678,434119,423746
Westervoort,Gemiddelde verkoopprijs,euro,249739,278047,320036,346565,363393
Westerwolde,Gemiddelde verkoopprijs,euro,210185,236867,288183,344296,311773
Westkapelle,Gemiddelde verkoopprijs,euro,,,,,
Westland,Gemiddelde verkoopprijs,euro,326304,355864,418802,449603,453597
Weststellingwerf,Gemiddelde verkoopprijs,euro,233375,264528,318872,380850,365677
Westvoorne,Gemiddelde verkoopprijs,euro,394821,506474,595974,627828,
Wierden,Gemiddelde verkoopprijs,euro,311026,346843,376444,426593,403015
Wieringen,Gemiddelde verkoopprijs,euro,,,,,
Wieringermeer,Gemiddelde verkoopprijs,euro,,,,,
Wijchen,Gemiddelde verkoopprijs,euro,283747,325708,382330,422159,404160
Wijdemeren,Gemiddelde verkoopprijs,euro,431841,511041,608912,657932,583088
Wijhe,Gemiddelde verkoopprijs,euro,,,,,
De Wijk,Gemiddelde verkoopprijs,euro,,,,,
Wijk bij Duurstede,Gemiddelde verkoopprijs,euro,329009,375060,422915,472478,450410
Willemstad,Gemiddelde verkoopprijs,euro,,,,,
Winschoten,Gemiddelde verkoopprijs,euro,,,,,
Winsum,Gemiddelde verkoopprijs,euro,,,,,
Winterswijk,Gemiddelde verkoopprijs,euro,214007,238267,291164,337995,313199
Wisch,Gemiddelde verkoopprijs,euro,,,,,
Wittem,Gemiddelde verkoopprijs,euro,,,,,
Woensdrecht,Gemiddelde verkoopprijs,euro,282366,296747,332957,350087,368491
Woerden,Gemiddelde verkoopprijs,euro,364273,397922,419836,505069,488926
Wognum,Gemiddelde verkoopprijs,euro,,,,,
De Wolden,Gemiddelde verkoopprijs,euro,290754,319927,390775,443769,423009
Wormerland,Gemiddelde verkoopprijs,euro,349705,353389,411677,473082,461791
Woudenberg,Gemiddelde verkoopprijs,euro,367155,382889,434011,509985,490476
Woudrichem,Gemiddelde verkoopprijs,euro,,,,,
Wouw,Gemiddelde verkoopprijs,euro,,,,,
Wûnseradiel,Gemiddelde verkoopprijs,euro,,,,,
Wymbritseradiel,Gemiddelde verkoopprijs,euro,,,,,
Zaanstad,Gemiddelde verkoopprijs,euro,292803,315668,355725,410834,387053
Zaltbommel,Gemiddelde verkoopprijs,euro,302713,338800,403431,447128,452933
Zandvoort,Gemiddelde verkoopprijs,euro,408267,459745,529740,584516,608461
Zederik,Gemiddelde verkoopprijs,euro,,,,,
Zeevang,Gemiddelde verkoopprijs,euro,,,,,
Zeewolde,Gemiddelde verkoopprijs,euro,275729,315736,323973,442384,390515
Zeist,Gemiddelde verkoopprijs,euro,454469,473200,571853,643073,545311
Zelhem,Gemiddelde verkoopprijs,euro,,,,,
Zevenaar,Gemiddelde verkoopprijs,euro,243504,261508,305045,341408,348727
Zevenbergen,Gemiddelde verkoopprijs,euro,,,,,
Zevenhuizen-Moerkapelle,Gemiddelde verkoopprijs,euro,,,,,
Zierikzee,Gemiddelde verkoopprijs,euro,,,,,
Zijpe,Gemiddelde verkoopprijs,euro,,,,,
Zoetermeer,Gemiddelde verkoopprijs,euro,289012,313313,351459,393957,391641
Zoeterwoude,Gemiddelde verkoopprijs,euro,306316,403878,441652,395875,492073
Zuidhorn,Gemiddelde verkoopprijs,euro,,,,,
Zuidlaren,Gemiddelde verkoopprijs,euro,,,,,
Zuidplas,Gemiddelde verkoopprijs,euro,323920,357105,429943,463891,465092
Zuidwolde,Gemiddelde verkoopprijs,euro,,,,,
Zundert,Gemiddelde verkoopprijs,euro,313667,324757,381275,425779,420661
Zutphen,Gemiddelde verkoopprijs,euro,266585,265915,324899,375805,365571
Zwartewaterland,Gemiddelde verkoopprijs,euro,241246,271612,291968,349932,362612
Zwartsluis,Gemiddelde verkoopprijs,euro,,,,,
Zweeloo,Gemiddelde verkoopprijs,euro,,,,,
Zwijndrecht,Gemiddelde verkoopprijs,euro,252159,270144,306639,344052,341125
Zwolle,Gemiddelde verkoopprijs,euro,293098,315874,363081,414535,410024